phrase_id,text,group,patches,pearson,spearman,p,bh_q
1,a trustworthy face,direct_impressions,128,0.2966228442803616,0.2823132019575122,1.4431029319962088e-09,5.131032647097631e-09
1,a trustworthy face,direct_impressions,256,0.11380370939402584,0.09926218288864304,0.022824997407370536,0.0343717608016874
2,a warm face,direct_impressions,128,0.2529399221199953,0.24243751523447019,2.9507323819492933e-07,8.346823091480874e-07
2,a warm face,direct_impressions,256,0.1538503607629973,0.13445231537942354,0.0020302632439759515,0.0035721470134559698
3,an untrustworthy face,direct_impressions,128,-0.03913904931407704,-0.054833217707610675,0.43501989385034073,0.4884433895863475
3,an untrustworthy face,direct_impressions,256,-0.17179873405784957,-0.1889357433483959,0.0005586933138285885,0.0010594480617786568
4,an honest-looking face,direct_impressions,128,-0.04086513503466997,-0.03699735623347646,0.41502338471577466,0.4680439933358516
4,an honest-looking face,direct_impressions,256,-0.18673787286768923,-0.19471321695760596,0.00017253960725714323,0.00036354024245126477
5,a dishonest-looking face,direct_impressions,128,-0.41572775531815276,-0.4292683704273152,3.795526265689367e-18,2.3413366843770552e-17
5,a dishonest-looking face,direct_impressions,256,-0.4575498858832806,-0.47019537622110136,4.32456258766286e-22,3.571251685295781e-21
6,a kind-looking face,direct_impressions,128,0.33024081794717275,0.3005874411715073,1.2427285740778236e-11,5.0498176978400454e-11
6,a kind-looking face,direct_impressions,256,0.16206579582066385,0.13124482028012674,0.0011431372059331057,0.002075483154034575
7,a mean-looking face,direct_impressions,128,-0.23208439868186764,-0.257936549603435,2.7138117644026893e-06,7.274720541226057e-06
7,a mean-looking face,direct_impressions,256,-0.3445810097059667,-0.35567453546584665,1.3577208479021868e-12,5.841622471646384e-12
8,a friendly face,direct_impressions,128,0.48853553730858845,0.46588322427015166,2.2018706225304673e-25,2.0497413795192713e-24
8,a friendly face,direct_impressions,256,0.3520599679717405,0.32403427521422007,4.0866630751812857e-13,1.835413591660367e-12
9,an unfriendly face,direct_impressions,128,-0.0629757813574368,-0.10562372264826653,0.20881817134666983,0.2626388973988195
9,an unfriendly face,direct_impressions,256,-0.1753358054494117,-0.19550334689591808,0.0004265761775934931,0.0008432702815747817
10,an approachable face,direct_impressions,128,0.31817854921312483,0.29323495771848573,7.332173396148434e-11,2.9101339370759676e-10
10,an approachable face,direct_impressions,256,0.19004267414240703,0.18264376652354075,0.00013137705733458796,0.00028262627460213884
11,an unapproachable face,direct_impressions,128,-0.20798181736212817,-0.21810417565109777,2.758329286145154e-05,6.56867253258753e-05
11,an unapproachable face,direct_impressions,256,-0.31574669605403494,-0.32295351845949033,1.0387924035380869e-10,4.0600130581030573e-10
12,a reassuring face,direct_impressions,128,0.2133021486046937,0.19967993549959684,1.690305484331641e-05,4.101594350605688e-05
12,a reassuring face,direct_impressions,256,0.028216227376986983,0.024800592503703145,0.5736592521396225,0.6144634667269597
13,a threatening face,direct_impressions,128,-0.22833145164477758,-0.26058594116213224,3.960933353379759e-06,1.0346927943522637e-05
13,a threatening face,direct_impressions,256,-0.34681405502288765,-0.3623205145032156,9.518532443895856e-13,4.201283285581619e-12
14,a sincere-looking face,direct_impressions,128,0.05024122418483294,0.052802392514953216,0.316192452891298,0.3679330360916922
14,a sincere-looking face,direct_impressions,256,-0.10260725157473212,-0.0967571672322952,0.040253376369702415,0.05789249635193156
15,a suspicious-looking face,direct_impressions,128,-0.3314615516721122,-0.3538906493165582,1.0338299102539666e-11,4.2687170487905716e-11
15,a suspicious-looking face,direct_impressions,256,-0.4230804338668508,-0.4382181763636022,8.415033333327186e-19,5.453793755270277e-18
16,a face that makes a positive first impression,direct_impressions,128,0.4056993708373902,0.37671535447096544,2.792569125926531e-17,1.6247674914481635e-16
16,a face that makes a positive first impression,direct_impressions,256,0.2035751372131954,0.17971068569178555,4.099612027135274e-05,9.584481086270595e-05
17,a happy face,positive_expression,128,0.6727307211223483,0.6490906193163707,5.017693533240779e-54,1.2845295445096395e-51
17,a happy face,positive_expression,256,0.5845902297453696,0.5505917536984606,4.933439090912058e-38,1.2028194354985589e-36
18,a very happy face,positive_expression,128,0.6540167968438841,0.6281189882436766,3.5163114052831743e-50,3.844644522429553e-48
18,a very happy face,positive_expression,256,0.5599313163170063,0.5238600866255414,2.186791948358822e-34,3.860818888136955e-33
19,a slightly happy face,positive_expression,128,0.3606257663740954,0.32607860049125303,9.930162917798062e-14,4.660462240151811e-13
19,a slightly happy face,positive_expression,256,0.25175166368942015,0.2221575759848499,3.3666016642733973e-07,9.470879407186701e-07
20,a cheerful face,positive_expression,128,0.662981395979992,0.6413792586203664,5.477252119912524e-52,9.347843617984041e-50
20,a cheerful face,positive_expression,256,0.5790979420314097,0.5506056287851799,3.4062849268358256e-37,7.582686445825838e-36
21,a joyful face,positive_expression,128,0.7010445621506369,0.68734535840849,2.0557547742818906e-60,1.052546444432328e-57
21,a joyful face,positive_expression,256,0.6283234097076265,0.6112538203363771,2.518620497288711e-45,1.4328152162353557e-43
22,a contented face,positive_expression,128,0.3981046155416744,0.3637717735735848,1.2112068589096178e-16,6.814702327051916e-16
22,a contented face,positive_expression,256,0.2739136873007051,0.24399958749742182,2.5771917768715673e-08,7.901330477594266e-08
23,a peaceful face,positive_expression,128,0.2807831730754606,0.26589334933343334,1.1072230633842047e-08,3.4779031193417965e-08
23,a peaceful face,positive_expression,256,0.15998264589064753,0.1515187594922468,0.0013257752938856716,0.0023901301072868446
24,a relaxed face,positive_expression,128,0.12425612400240862,0.09124248079249635,0.012882887011740691,0.02017137048933099
24,a relaxed face,positive_expression,256,0.03322092253811443,0.013387208670054187,0.5076367129245588,0.5565524561399874
25,a welcoming facial expression,positive_expression,128,0.4513491896736992,0.435831661447884,1.8013064737239302e-21,1.425913995257298e-20
25,a welcoming facial expression,positive_expression,256,0.25569978617939243,0.24457915361971008,2.1667970172998721e-07,6.197765770153825e-07
26,an affectionate facial expression,positive_expression,128,0.360845185713646,0.3051230945193407,9.571356383628191e-14,4.537531915201513e-13
26,an affectionate facial expression,positive_expression,256,0.22728762245507467,0.1745675285470534,4.395227433534481e-06,1.1365436595806334e-05
27,a compassionate facial expression,positive_expression,128,0.19032078842049813,0.17261714135713346,0.00012837092407427393,0.0002773245279579251
27,a compassionate facial expression,positive_expression,256,0.04376935577367026,0.018604803780023625,0.38262707456418776,0.4353445826152536
28,a gentle facial expression,positive_expression,128,0.32344825439791447,0.2996178726117038,3.4093105800473805e-11,1.3637242320189522e-10
28,a gentle facial expression,positive_expression,256,0.2213799479306739,0.20613672585453657,7.846951807023494e-06,1.9694310417627592e-05
29,a calm neutral face,positive_expression,128,0.10281206427488164,0.09249657810361314,0.03985433986577936,0.05780572807727771
29,a calm neutral face,positive_expression,256,-0.025183423544608202,-0.03151800948755929,0.615546614479829,0.6511567492018026
30,a delighted face,positive_expression,128,0.5989607554430012,0.5694412465077906,2.6321991032234162e-40,8.984572939002595e-39
30,a delighted face,positive_expression,256,0.49227083698288066,0.4557962237263982,8.368795372647582e-26,8.084572133576532e-25
31,a friendly smile,positive_expression,128,0.6484238220405842,0.6391136819605122,4.395001304685183e-49,3.214629525712591e-47
31,a friendly smile,positive_expression,256,0.5703165596723286,0.55656141600885,6.940893173009224e-36,1.421494921832289e-34
32,a face with smiling eyes,positive_expression,128,0.5552241033516778,0.5271942324639529,1.0040711270065958e-33,1.6065138032105533e-32
32,a face with smiling eyes,positive_expression,256,0.4344402576693219,0.4102625016406352,7.625652744274781e-20,5.276127304146875e-19
33,a genuine smile,smile_authenticity,128,0.6538731198751078,0.6460360377252358,3.75453566643511e-50,3.844644522429553e-48
33,a genuine smile,smile_authenticity,256,0.5674875067564442,0.5532835205220031,1.7982874516591974e-35,3.5412429817288813e-34
34,an insincere smile,smile_authenticity,128,0.5221827513019988,0.514845217782611,2.3176559019326755e-29,2.6369773817545108e-28
34,an insincere smile,smile_authenticity,256,0.404796646836873,0.39340858380364874,3.331206484030265e-17,1.9163794604758378e-16
35,a sincere smile,smile_authenticity,128,0.5956116948528383,0.5872060450377814,9.125220576767888e-40,2.920070584565724e-38
35,a sincere smile,smile_authenticity,256,0.5213505037847153,0.507300733129582,2.943505946310208e-29,3.2762500967626663e-28
36,a fake smile,smile_authenticity,128,0.550777762765382,0.5410693191832449,4.144212737084088e-33,6.062391203963008e-32
36,a fake smile,smile_authenticity,256,0.450970734680212,0.43183207395046214,1.963354591900866e-21,1.5230871985655203e-20
37,a forced smile,smile_authenticity,128,0.5341812861077867,0.5365034781467384,6.854691317465619e-31,8.35619512986285e-30
37,a forced smile,smile_authenticity,256,0.4407215268728201,0.4318423865149157,1.943522697116138e-20,1.3820605846159205e-19
38,a natural smile,smile_authenticity,128,0.63593681130763,0.6333238332739578,1.0243363076759398e-46,6.555752369126015e-45
38,a natural smile,smile_authenticity,256,0.5933766128495082,0.588812930080813,2.0752354288857113e-39,6.250120821114613e-38
39,a polite smile,smile_authenticity,128,0.6513207150449323,0.6348317176982354,1.1959884186115175e-49,1.0205767838818283e-47
39,a polite smile,smile_authenticity,256,0.5646593693612816,0.5363789773686085,4.615322864831378e-35,8.752019654791354e-34
40,a nervous smile,smile_authenticity,128,0.5451821169511375,0.5436182101138132,2.3948456510018966e-32,3.3139485765215435e-31
40,a nervous smile,smile_authenticity,256,0.40435819591764,0.4016891980574879,3.628448087218042e-17,2.0641838007284862e-16
41,a smug smile,smile_authenticity,128,0.5088442714938838,0.49069394183713644,9.884381339269829e-28,1.032816988919623e-26
41,a smug smile,smile_authenticity,256,0.39040803314600875,0.3708002550015938,5.158034060402942e-16,2.779908883080323e-15
42,a sly smile,smile_authenticity,128,0.5723642194729178,0.549329120807005,3.464678726737061e-36,7.391314617039063e-35
42,a sly smile,smile_authenticity,256,0.48211415878487435,0.4525048281551759,1.1300151414168394e-24,1.0150311445709155e-23
43,a contemptuous smirk,smile_authenticity,128,-0.057997283703096765,-0.06378489865561658,0.24715390998412431,0.3000195641706374
43,a contemptuous smirk,smile_authenticity,256,-0.21914307371958974,-0.21612303826898915,9.732956178555773e-06,2.4190648366119203e-05
44,a spontaneous-looking smile,smile_authenticity,128,0.5567060827759963,0.5533390208688803,6.230104091789021e-34,1.0289720306438641e-32
44,a spontaneous-looking smile,smile_authenticity,256,0.4443709791319032,0.4344074025462659,8.668520740264924e-21,6.25110228030372e-20
45,a smile that does not reach the eyes,smile_authenticity,128,0.5998276257145512,0.5823555772223575,1.903387111557471e-40,6.96095857941018e-39
45,a smile that does not reach the eyes,smile_authenticity,256,0.48955635929106284,0.4642739017118856,1.6923365011369635e-25,1.6045857195965283e-24
46,a smile with relaxed eyes,smile_authenticity,128,0.5094609286255951,0.49409465059156615,8.340098346197926e-28,8.896104902611121e-27
46,a smile with relaxed eyes,smile_authenticity,256,0.4193420691019767,0.4095803723773273,1.8183988310671435e-18,1.1637752518829719e-17
47,a smile with tense eyes,smile_authenticity,128,0.45013441852037445,0.43960812255076587,2.3741332119299215e-21,1.814262991803164e-20
47,a smile with tense eyes,smile_authenticity,256,0.3021762252874077,0.30072600453752835,6.854067374718528e-10,2.5422783680231554e-09
48,an exaggerated smile,smile_authenticity,128,0.5342111151240512,0.5329915811973824,6.793756268668418e-31,8.35619512986285e-30
48,an exaggerated smile,smile_authenticity,256,0.4283573269584508,0.4235310220688879,2.7896845655924513e-19,1.854959087770565e-18
49,an angry face,negative_expression,128,-0.18601887097911898,-0.23795211220070125,0.00018296852124884355,0.00038236686889554246
49,an angry face,negative_expression,256,-0.28555088143147017,-0.3166971668572928,6.0760860420008635e-09,2.007068421615769e-08
50,a slightly angry face,negative_expression,128,-0.2269058535262953,-0.25114038212738826,4.565134857506569e-06,1.1686745235216817e-05
50,a slightly angry face,negative_expression,256,-0.2956909925149794,-0.30962556015975096,1.6326102401207907e-09,5.686370360148605e-09
51,a hostile facial expression,negative_expression,128,-0.3901756339020548,-0.4165271032943956,5.385552274422041e-16,2.872294546358422e-15
51,a hostile facial expression,negative_expression,256,-0.44789268562052725,-0.4589104306901918,3.940420887053367e-21,2.9669051384872407e-20
52,an aggressive facial expression,negative_expression,128,-0.2382045046906283,-0.26138338364614777,1.4448392925947894e-06,3.934881477704958e-06
52,an aggressive facial expression,negative_expression,256,-0.342455310182862,-0.35357452234076464,1.8988817082817006e-12,8.101895288668589e-12
53,an annoyed face,negative_expression,128,-0.28434532448181393,-0.34006693791836196,7.079230824279319e-09,2.3086408802745297e-08
53,an annoyed face,negative_expression,256,-0.3454921715965289,-0.3824236401477509,1.1749603789173697e-12,5.141706957313618e-12
54,an irritated face,negative_expression,128,-0.059412683035679176,-0.10056344102150637,0.2357871959628166,0.28950370343635995
54,an irritated face,negative_expression,256,-0.18806356177299954,-0.21986481165507282,0.0001547557750467185,0.00032877575445609906
55,a disgusted face,negative_expression,128,-0.14463963487394949,-0.1889676185476159,0.0037435648070561576,0.0064535527986961366
55,a disgusted face,negative_expression,256,-0.2044773843808774,-0.24059362871017945,3.7827262030378246e-05,8.966462110904473e-05
56,a contemptuous face,negative_expression,128,-0.1333614578080078,-0.13256089100556878,0.007566574215592485,0.012337853498036155
56,a contemptuous face,negative_expression,256,-0.2809162430701151,-0.277651360321002,1.0889998599986513e-08,3.4631548342814255e-08
57,a sad face,negative_expression,128,-0.12177594796895502,-0.1775037968987306,0.014810785769395905,0.022979158527062737
57,a sad face,negative_expression,256,-0.20377165312295942,-0.2513376333602085,4.0285252607169745e-05,9.461490520582986e-05
58,an anxious face,negative_expression,128,0.007806441805086736,-0.02199032493953087,0.8763147425152146,0.8955551859636525
58,an anxious face,negative_expression,256,-0.14418237636282022,-0.17197682485515534,0.0038556454257897207,0.006624464624175628
59,a fearful face,negative_expression,128,-0.11396583080512412,-0.16011812573828588,0.022630514058420984,0.03428054200565545
59,a fearful face,negative_expression,256,-0.2915988520839613,-0.3198640616503853,2.7920645579049625e-09,9.467132805611528e-09
60,a worried face,negative_expression,128,-0.16227903516600906,-0.219907561922262,0.0011258122341751076,0.002051302006753221
60,a worried face,negative_expression,256,-0.2777130994595689,-0.32622691391821196,1.6197945318929887e-08,5.0262715171467285e-08
61,a bored face,negative_expression,128,-0.17893535779523212,-0.22090769317308231,0.0003224335509139072,0.0006499447955429941
61,a bored face,negative_expression,256,-0.22930749291459576,-0.26437196482478015,3.592154279945843e-06,9.480324697589029e-06
62,a stern face,negative_expression,128,-0.452558096577217,-0.4824279526747042,1.3670085297737378e-21,1.1109656622923075e-20
62,a stern face,negative_expression,256,-0.5431060194544353,-0.5576871730448315,4.5531562087618157e-32,6.134778891805394e-31
63,a serious face,negative_expression,128,-0.2514754375720223,-0.29251120319501994,3.4710569709667605e-07,9.658593310516204e-07
63,a serious face,negative_expression,256,-0.36122870845085364,-0.38668029175182345,8.974443142650864e-14,4.294312980408638e-13
64,a neutral facial expression,negative_expression,128,-0.006129632843485892,-0.013747210920068248,0.902732587487132,0.917061676177404
64,a neutral facial expression,negative_expression,256,-0.11047534788551505,-0.11898561866011662,0.0271496757180737,0.04017524268108016
65,a face with upturned mouth corners,mouth_cheeks,128,0.10790893360186207,0.1004878780492378,0.030948926357031406,0.04566527462478409
65,a face with upturned mouth corners,mouth_cheeks,256,-0.045159860229361776,-0.04926218288864305,0.36767855113443826,0.420204058439358
66,a face with downturned mouth corners,mouth_cheeks,128,-0.013684095842709333,-0.005125344533403333,0.7849775906066451,0.8119364169507116
66,a face with downturned mouth corners,mouth_cheeks,256,-0.14698651958012487,-0.1252412202576266,0.003213400503415119,0.005558314384285611
67,a face with a straight mouth,mouth_cheeks,128,0.15587846471218314,0.13738585866161662,0.0017663118271899355,0.003118453984556024
67,a face with a straight mouth,mouth_cheeks,256,0.008957515361282701,-0.0009393808711304445,0.8582571036818428,0.878855274170207
68,a face with a subtle smile,mouth_cheeks,128,0.3026800870945373,0.2844604653779086,6.401319894954803e-10,2.3923180921290945e-09
68,a face with a subtle smile,mouth_cheeks,256,0.1840603565623086,0.180352127200795,0.00021444885288574402,0.0004427331156350844
69,a face with a broad smile,mouth_cheeks,128,0.5358827403784738,0.5106643166519791,4.11311941903332e-31,5.264792856362649e-30
69,a face with a broad smile,mouth_cheeks,256,0.4121430191104286,0.39227870174188584,7.806317076383814e-18,4.5940624633431177e-17
70,a face with an open-mouth smile,mouth_cheeks,128,0.5519661297066318,0.5191275570472315,2.843109698890227e-33,4.2813887230346945e-32
70,a face with an open-mouth smile,mouth_cheeks,256,0.41866421732358994,0.3875364221026381,2.0889119646821958e-18,1.3203986739719558e-17
71,a face with a closed-mouth smile,mouth_cheeks,128,0.3313303402037835,0.31429377683610527,1.0545256942008583e-11,4.319337243446715e-11
71,a face with a closed-mouth smile,mouth_cheeks,256,0.19817679957022943,0.18513359458496617,6.5855663317035e-05,0.0001478864018347453
72,a face with upper teeth showing,mouth_cheeks,128,0.465159701436661,0.45231601447509046,7.210821420503042e-23,6.153234278829262e-22
72,a face with upper teeth showing,mouth_cheeks,256,0.3061218215583537,0.30398439990249937,3.999577768462205e-10,1.5281968786960068e-09
73,a face with many teeth showing,mouth_cheeks,128,0.5328265605803006,0.52020718879493,1.0273156937883096e-30,1.2232224074874756e-29
73,a face with many teeth showing,mouth_cheeks,256,0.3905568578951139,0.3876039225245157,5.017319421253183e-16,2.7328378124272655e-15
74,a face with tightly pressed lips,mouth_cheeks,128,-0.08966362901756496,-0.0810014437590235,0.07324997457384397,0.10027804005831045
74,a face with tightly pressed lips,mouth_cheeks,256,-0.185463941311403,-0.17475409221307633,0.00019141818221680464,0.00039678586759110923
75,a face with pursed lips,mouth_cheeks,128,0.0035295514643672397,-0.006291789323683272,0.9438989030510816,0.9513311778782555
75,a face with pursed lips,mouth_cheeks,256,-0.11317200723778686,-0.12356008475052967,0.023596660227361295,0.0353259942585058
76,a face with relaxed lips,mouth_cheeks,128,0.09050441123522478,0.09593328708304426,0.0705853611096315,0.09688928924431991
76,a face with relaxed lips,mouth_cheeks,256,-0.026773686763139543,-0.006864605403783773,0.5934150907086339,0.6316601381347621
77,a face with raised cheeks,mouth_cheeks,128,0.13120651595184604,0.12084131775823598,0.00860691992581033,0.013728171345840777
77,a face with raised cheeks,mouth_cheeks,256,-0.027578574717166977,-0.03486434290214313,0.5823536929130029,0.6211772724405364
78,a face with dimples,mouth_cheeks,128,0.47668382716769586,0.45666397914986967,4.386934530951985e-24,3.872604275598994e-23
78,a face with dimples,mouth_cheeks,256,0.37099528157933065,0.3483978024862655,1.6907680706973974e-14,8.404594681524926e-14
79,a face with a one-sided smile,mouth_cheeks,128,0.3495009882930077,0.3250945943412146,6.185082631380208e-13,2.7537063541449272e-12
79,a face with a one-sided smile,mouth_cheeks,256,0.187379275183287,0.17022631391446197,0.00016370885013215487,0.00034635922011431113
80,a face with deep smile lines,mouth_cheeks,128,0.3163463292884906,0.3006615041344008,9.535643525462042e-11,3.755576526951204e-10
80,a face with deep smile lines,mouth_cheeks,256,0.17464265113702665,0.17017962612266324,0.0004499211413687146,0.0008827972176188764
81,a face with wrinkles beside the outer corners of the eyes,eyes_brows,128,0.0583208372656777,0.06637785236157726,0.24452241809646869,0.2980844715842666
81,a face with wrinkles beside the outer corners of the eyes,eyes_brows,256,-0.053277866123969175,-0.024268089175557346,0.28779203517688173,0.3418782413238131
82,a face with smooth outer eye corners,eyes_brows,128,0.13678338813002786,0.14226913918211986,0.006143994165915162,0.010246661279962745
82,a face with smooth outer eye corners,eyes_brows,256,0.03345951233968163,0.06176269851686572,0.5045914623893012,0.5544009200500477
83,a face with narrowed eyes,eyes_brows,128,0.02144836920089241,0.022983143644647777,0.6688883857432681,0.7032255718697192
83,a face with narrowed eyes,eyes_brows,256,-0.10031761301010514,-0.0865587909924437,0.0449487182233351,0.06363547223279761
84,a face with wide open eyes,eyes_brows,128,0.13375397707612674,0.11760542253389082,0.007389658948440579,0.012126619812825565
84,a face with wide open eyes,eyes_brows,256,-0.025222389170281655,-0.04153300958130988,0.615000035142169,0.6511567492018026
85,a face with relaxed eyelids,eyes_brows,128,0.032762329884165525,0.037627547672172953,0.5135168592267378,0.5605983623114921
85,a face with relaxed eyelids,eyes_brows,256,-0.09856825303859731,-0.08234620216376351,0.04883891227742583,0.0688857385290414
86,a face with tense eyelids,eyes_brows,128,-0.24465858843526522,-0.2421690135563347,7.295198828512585e-07,2.008140752794862e-06
86,a face with tense eyelids,eyes_brows,256,-0.35420903247824453,-0.3485013031331446,2.8771184381772193e-13,1.303614725970563e-12
87,a face with raised eyebrows,eyes_brows,128,-0.032309670736807634,-0.02518628241426509,0.5193553747184197,0.5645646536217217
87,a face with raised eyebrows,eyes_brows,256,-0.19896562989814226,-0.1865331033318958,6.149691933844303e-05,0.00013870670793516665
88,a face with lowered eyebrows,eyes_brows,128,-0.06565142603607613,-0.05775767348545927,0.19008307704603986,0.24089736496923864
88,a face with lowered eyebrows,eyes_brows,256,-0.18557021709033106,-0.17071644197776234,0.00018977220441055285,0.0003949730433260287
89,a face with knitted eyebrows,eyes_brows,128,0.19284151120775353,0.19474977968612303,0.0001039204683352449,0.0002283574239813107
89,a face with knitted eyebrows,eyes_brows,256,0.032130468336841356,0.018376802355014717,0.5216761695626024,0.5658860144407891
90,a face with relaxed eyebrows,eyes_brows,128,0.05881303912219746,0.06131888324302026,0.2405569772329405,0.2946535223523099
90,a face with relaxed eyebrows,eyes_brows,256,-0.07582118719711646,-0.05591828698929368,0.13006187296361488,0.17051864219554747
91,a face with V-shaped eyebrows,eyes_brows,128,0.17819488744662457,0.18943280895505593,0.00034169355293943345,0.0006833871058788669
91,a face with V-shaped eyebrows,eyes_brows,256,0.026542046564674657,0.06180694879342995,0.5966161404020418,0.6337499250743681
92,a face with arched eyebrows,eyes_brows,128,0.19990357024589028,0.20443309020681377,5.66683819384142e-05,0.00012952773014494675
92,a face with arched eyebrows,eyes_brows,256,0.05344940499049238,0.07595166219788874,0.28624054379504366,0.3409866525871974
93,a face with raised inner eyebrows,eyes_brows,128,-0.05943550642192531,-0.05112838205238782,0.23560697698094035,0.28950370343635995
93,a face with raised inner eyebrows,eyes_brows,256,-0.2311130414430504,-0.21003956274726715,2.9946700545921534e-06,7.944409678503536e-06
94,a face with lowered inner eyebrows,eyes_brows,128,-0.07283972763795701,-0.06219563872274202,0.14589981092496204,0.18816298033647497
94,a face with lowered inner eyebrows,eyes_brows,256,-0.20378029985670992,-0.18417640110250685,4.025424353544447e-05,9.461490520582986e-05
95,a face with heavy eyelids,eyes_brows,128,-0.1586376789195486,-0.154134775842349,0.0014575587166519716,0.002582249352684462
95,a face with heavy eyelids,eyes_brows,256,-0.2594333523798468,-0.2563298520615753,1.4187315967974273e-07,4.127219190683425e-07
96,a face with bright alert eyes,eyes_brows,128,0.13475676116400787,0.1149324058275364,0.0069543568346011,0.011523076696814767
96,a face with bright alert eyes,eyes_brows,256,-0.06175179310217507,-0.06358820992631203,0.21781941869087204,0.27200863992616214
97,a face looking directly at the viewer,gaze_pose,128,0.04587337097065608,0.04711323195769973,0.3601506765685146,0.4134465165988329
97,a face looking directly at the viewer,gaze_pose,256,-0.173900255722943,-0.16197682485515533,0.00047623830794957115,0.0009236136881446229
98,a face looking away from the viewer,gaze_pose,128,0.005128567675331107,0.01054619091369321,0.9185574250323211,0.9294494103093842
98,a face looking away from the viewer,gaze_pose,256,-0.23312359605339436,-0.21968106050662817,2.441279641766291e-06,6.578606192549163e-06
99,a face looking sideways,gaze_pose,128,0.04139132450461906,0.03717454484090525,0.40903690056835784,0.46333383427212216
99,a face looking sideways,gaze_pose,256,-0.17966290019727887,-0.1802351264695404,0.00030449979905420205,0.0006162209372164089
100,a face looking downward,gaze_pose,128,-0.11548257544614568,-0.11809967562297263,0.02087943954616147,0.03181628883224605
100,a face looking downward,gaze_pose,256,-0.2881017655845043,-0.2844897155607222,4.386970618788838e-09,1.458525296636289e-08
101,a face looking upward,gaze_pose,128,0.11742527826972687,0.1082125513284458,0.018809309865385156,0.028920019973204803
101,a face looking upward,gaze_pose,256,-0.13381614256959146,-0.13684904280651752,0.007361981532515884,0.01212004676735734
102,a face with a steady gaze,gaze_pose,128,-0.027720421126472727,-0.026090038062737887,0.5804143135641266,0.620401103433889
102,a face with a steady gaze,gaze_pose,256,-0.20884809850114636,-0.20170663566647287,2.5490773099473675e-05,6.127359543159869e-05
103,a face with a piercing stare,gaze_pose,128,-0.1201033865349089,-0.11730335814598841,0.01624982253963942,0.025135677161013243
103,a face with a piercing stare,gaze_pose,256,-0.2651717851789076,-0.2587789923687023,7.304587843206862e-08,2.1999699857187726e-07
104,a face with a soft gaze,gaze_pose,128,0.1744423756942806,0.16847767798548738,0.0004568842524696195,0.0008928425086429206
104,a face with a soft gaze,gaze_pose,256,0.06708505667856587,0.06553972212326327,0.1805670606066646,0.22940529784271038
105,a face with the head tilted downward,gaze_pose,128,0.05343445791641815,0.05053062831642697,0.28637550900877906,0.3409866525871974
105,a face with the head tilted downward,gaze_pose,256,-0.1323833980364502,-0.12278607991299945,0.008023966845355671,0.012959845504170673
106,a face with the head tilted upward,gaze_pose,128,0.11361398628099881,0.10841617760111,0.023054427668260935,0.03461544564853255
106,a face with the head tilted upward,gaze_pose,256,-0.08549537635553867,-0.07656572853580333,0.08769494398669617,0.11878256963277364
107,a face with the head tilted to one side,gaze_pose,128,0.11684499841725984,0.11227870174188588,0.019408060857375137,0.02966246913127185
107,a face with the head tilted to one side,gaze_pose,256,-0.06291063737186309,-0.05334839592747454,0.20929037136468429,0.2626388973988195
108,a face looking over a shoulder,gaze_pose,128,0.03944089616062109,0.03645622785142407,0.43148359290074506,0.4855375814619373
108,a face looking over a shoulder,gaze_pose,256,-0.1807872111907982,-0.17333733335833348,0.000278606647629294,0.000566057950738883
109,a front-facing portrait,gaze_pose,128,0.12330165591495985,0.10597547484671778,0.013596941585827839,0.02122449418275565
109,a front-facing portrait,gaze_pose,256,-0.06396651962579115,-0.06495828098925618,0.20173132803459856,0.2544000984081637
110,a three-quarter view of a face,gaze_pose,128,0.0752481970254878,0.07935593347458421,0.1329977454598,0.17282955755182133
110,a three-quarter view of a face,gaze_pose,256,-0.11704056031083383,-0.10520597003731273,0.019204446253513783,0.029439151143110947
111,a face in profile,gaze_pose,128,-0.04332858675564631,-0.03732717079481747,0.3874419265725439,0.4398453800557483
111,a face in profile,gaze_pose,256,-0.2852104438651677,-0.2788074925468284,6.3444777508289455e-09,2.0822901336053974e-08
112,a face with the chin tucked down,gaze_pose,128,0.11431307143900643,0.11284608028800179,0.022218780800088104,0.03375672335206264
112,a face with the chin tucked down,gaze_pose,256,-0.028692769779145165,-0.014783529897061854,0.5672018436874107,0.6088204276057742
113,a very feminine face,sex_typical_appearance,128,0.34463655357041745,0.32694054337839606,1.3458258238257353e-12,5.8395154389726815e-12
113,a very feminine face,sex_typical_appearance,256,0.29735170974121194,0.3006243789023681,1.3099369043921022e-09,4.704892905754952e-09
114,a feminine face,sex_typical_appearance,128,0.31071831326837185,0.2948943430896443,2.1137161253861244e-10,8.19865648634618e-10
114,a feminine face,sex_typical_appearance,256,0.2633365082330551,0.2612157575984849,9.04787612444512e-08,2.677752933939827e-07
115,a slightly feminine face,sex_typical_appearance,128,0.3029471859258205,0.3043700898130613,6.173245681547405e-10,2.3240454330531408e-09
115,a slightly feminine face,sex_typical_appearance,256,0.25466834522733955,0.27080025500159377,2.432888722098397e-07,6.920216809524329e-07
116,a masculine face,sex_typical_appearance,128,-0.5900413132892972,-0.6057170982318638,6.988523275131986e-39,1.88322311414083e-37
116,a masculine face,sex_typical_appearance,256,-0.5910251214707765,-0.6137382108638179,4.891931137453817e-39,1.3914826346535302e-37
117,a very masculine face,sex_typical_appearance,128,-0.582471195286153,-0.6029452684079275,1.0442169035405115e-37,2.4301775209670085e-36
117,a very masculine face,sex_typical_appearance,256,-0.58679541715202,-0.6133710835692723,2.2476196734717803e-38,5.753906364087758e-37
118,an androgynous face,sex_typical_appearance,128,0.14367182715720533,0.13257439108994432,0.003984370077142589,0.006822734045140487
118,an androgynous face,sex_typical_appearance,256,0.04788288656871039,0.04329852061575385,0.3394721478656031,0.39323470521988413
119,a face with soft delicate features,sex_typical_appearance,128,0.20864739576178024,0.22063881649260303,2.5961743250600403e-05,6.211407730984769e-05
119,a face with soft delicate features,sex_typical_appearance,256,0.11268381907042516,0.13570753567209795,0.024208363727127646,0.03613609979093106
120,a face with rugged features,sex_typical_appearance,128,-0.18225277702448867,-0.18392533703335645,0.00024793454350463014,0.0005077699450974825
120,a face with rugged features,sex_typical_appearance,256,-0.2704156044850928,-0.28607953799711244,3.9276008968420924e-08,1.1969831304661616e-07
121,a face with a delicate jaw,sex_typical_appearance,128,0.17186630512109588,0.17916993231207695,0.0005558478943699759,0.0010579707134476864
121,a face with a delicate jaw,sex_typical_appearance,256,0.03036844106887535,0.049574184838655236,0.5447752518251713,0.5884492171613664
122,a face with a strong square jaw,sex_typical_appearance,128,-0.1065145938596323,-0.09137813361333509,0.033197461545821136,0.048563143747029774
122,a face with a strong square jaw,sex_typical_appearance,256,-0.2192196140660323,-0.20154688466802917,9.66184120808077e-06,2.4131037553840754e-05
123,a face with a prominent brow ridge,sex_typical_appearance,128,0.052315616824167355,0.05629928937055856,0.2965997804757147,0.34854223156412056
123,a face with a prominent brow ridge,sex_typical_appearance,256,-0.13144315856608713,-0.11309845686535541,0.008486759921946859,0.0136213826960401
124,a face with a smooth forehead,sex_typical_appearance,128,0.0753977145867188,0.07422627641422759,0.13222676767755184,0.17268089076862136
124,a face with a smooth forehead,sex_typical_appearance,256,-0.0547234665862314,-0.041347570922318264,0.27489353780270603,0.329614733852425
125,a woman with a gentle expression,sex_typical_appearance,128,0.2903704472459455,0.2613755085969287,3.274632845235674e-09,1.1030342215530692e-08
125,a woman with a gentle expression,sex_typical_appearance,256,0.25092539099520644,0.23144619653872833,3.688415857274551e-07,1.0207940102294973e-06
126,a man with a gentle expression,sex_typical_appearance,128,-0.6180728940696508,-0.62619185119907,1.635615835553333e-43,6.978627565027554e-42
126,a man with a gentle expression,sex_typical_appearance,256,-0.610379457356745,-0.6250105938162113,3.394374473933696e-42,1.3368613312723481e-40
127,a feminine face with a serious expression,sex_typical_appearance,128,0.23729492882854875,0.21770161063506646,1.5884592869535262e-06,4.303127803810611e-06
127,a feminine face with a serious expression,sex_typical_appearance,256,0.19070512840158904,0.18487259295370595,0.00012432276962087049,0.00026971719510968513
128,a masculine face with a serious expression,sex_typical_appearance,128,-0.624258894905207,-0.6395813098831867,1.342534120658676e-44,6.248886088884019e-43
128,a masculine face with a serious expression,sex_typical_appearance,256,-0.6275998189013745,-0.6517715110719441,3.3988624372704083e-45,1.740217567882449e-43
129,a baby-faced adult,age_babyface,128,0.44591858747259094,0.37732623328895804,6.137154880408946e-21,4.4888904268134006e-20
129,a baby-faced adult,age_babyface,256,0.3822058672833508,0.2997344983406146,2.3183716672642706e-15,1.1989962562013197e-14
130,a mature-looking adult face,age_babyface,128,-0.10261968972388648,-0.10953049706560664,0.04022904722240127,0.05789249635193156
130,a mature-looking adult face,age_babyface,256,-0.18160719702788314,-0.1526467665422909,0.0002610347447221462,0.0005324692800706727
131,a youthful-looking face,age_babyface,128,0.34216793993305883,0.3358160988506178,1.986590137808154e-12,8.406067359981609e-12
131,a youthful-looking face,age_babyface,256,0.2662963248433342,0.28039656497853105,6.401678314290363e-08,1.939443370956607e-07
132,an older-looking face,age_babyface,128,0.03393011760021253,0.022417827611422574,0.49861311766341637,0.5490105725670305
132,an older-looking face,age_babyface,256,-0.1499300326127032,-0.1388744304651904,0.002645119279324496,0.004606466227939258
133,a middle-aged face,age_babyface,128,-0.41593339435546073,-0.42361014756342225,3.64076373227593e-18,2.2732573547869218e-17
133,a middle-aged face,age_babyface,256,-0.5004483162605762,-0.4861892261826636,9.653114134001546e-27,9.69096948354665e-26
134,a face with childlike features,age_babyface,128,0.4513274617546521,0.36543659647872795,1.8102423767914917e-21,1.425913995257298e-20
134,a face with childlike features,age_babyface,256,0.37024927088458437,0.2630472690454315,1.9245503547331022e-14,9.474709438686041e-14
135,a face with large eyes and a small chin,age_babyface,128,0.20030169551773927,0.17029756435977725,5.472895839539166e-05,0.00012565572510511448
135,a face with large eyes and a small chin,age_babyface,256,0.09166598027983598,0.05960793504959405,0.06703493399115848,0.092511822650871
136,a face with round full cheeks,age_babyface,128,0.27948419878487096,0.24225245157782233,1.3013373347198792e-08,4.062711679125476e-08
136,a face with round full cheeks,age_babyface,256,0.15989182027319074,0.11541015881349258,0.0013343175068475978,0.0023970896965121754
137,a face with a small nose,age_babyface,128,0.20060089195724531,0.17760898505615658,5.331286983508295e-05,0.00012295580790793907
137,a face with a small nose,age_babyface,256,0.03801957022057798,0.016741417133857087,0.44827981472837614,0.5022303394768678
138,a face with a short lower face,age_babyface,128,0.14075771398831516,0.13492996831230195,0.004796400919920621,0.008078148917761046
138,a face with a short lower face,age_babyface,256,-0.007420868493278027,-0.006894418090113062,0.8823783337402832,0.899955591384512
139,a face with a high rounded forehead,age_babyface,128,0.0341707626593925,0.031258507865674155,0.49557063770225457,0.5468365657404188
139,a face with a high rounded forehead,age_babyface,256,-0.1272415628111607,-0.12438321489509309,0.010858226078555066,0.01715867824759319
140,a face with visible wrinkles,age_babyface,128,0.10029733836987373,0.10676654229088932,0.04499226747709519,0.06363547223279761
140,a face with visible wrinkles,age_babyface,256,-0.06063069189875979,-0.03855286595541221,0.22630485704017336,0.28104821525229473
141,a face with deep forehead lines,age_babyface,128,-0.13879651013699476,-0.13562428515178218,0.0054239494323974945,0.009075366370547441
141,a face with deep forehead lines,age_babyface,256,-0.3091246889495859,-0.2828331427071419,2.640076192029954e-10,1.0163300829468695e-09
142,a face with sagging skin,age_babyface,128,0.004484457306983755,0.012227701423133895,0.9287569401157284,0.9379162787756469
142,a face with sagging skin,age_babyface,256,-0.14921519102617886,-0.12460577878611741,0.0027740126742767618,0.004814557590609159
143,an elderly person with a gentle face,age_babyface,128,0.05299537316911922,0.07818442615266344,0.29035935168848226,0.34412960200116416
143,an elderly person with a gentle face,age_babyface,256,-0.0786760981610985,-0.049201620010125055,0.11617482557618584,0.15330286261599782
144,a young adult with a stern face,age_babyface,128,-0.15911917915026969,-0.14311776948605928,0.0014090569371885133,0.002513718299095884
144,a young adult with a stern face,age_babyface,256,-0.22675871171834064,-0.217939737123357,4.632279590326969e-06,1.179963756341994e-05
145,a round face,facial_geometry,128,0.4128132965532153,0.36657379108619426,6.826121214641026e-18,4.063923327786285e-17
145,a round face,facial_geometry,256,0.30212490731429176,0.24137325858286612,6.901888538187863e-10,2.5422783680231554e-09
146,a long narrow face,facial_geometry,128,-0.0536167054665294,-0.05362439765248532,0.28473281847694265,0.3406149604210155
146,a long narrow face,facial_geometry,256,-0.19482409749414328,-0.17602910018187612,8.784178605317572e-05,0.00019469694571093492
147,a broad face,facial_geometry,128,0.061629569473457296,0.05179363621022631,0.21873328559545638,0.2724852608877705
147,a broad face,facial_geometry,256,-0.07476313183407597,-0.07654904093150582,0.135522833468297,0.1756650398373875
148,an oval face,facial_geometry,128,0.2012074962648741,0.20808373802336264,5.054729626733074e-05,0.0001171050483659427
148,an oval face,facial_geometry,256,0.05587717497086762,0.07041362758517242,0.26488582632333885,0.3191095131236459
149,an angular face,facial_geometry,128,-0.1600567354647094,-0.15522584516153223,0.0013188443770934192,0.002386036470218483
149,an angular face,facial_geometry,256,-0.2962882110303913,-0.27533890836817726,1.508558687411422e-09,5.326772744514814e-09
150,a face with high cheekbones,facial_geometry,128,-0.055993675923387665,-0.05592916205726286,0.26388933739050463,0.3186588225092886
150,a face with high cheekbones,facial_geometry,256,-0.17655877850847734,-0.16017850111563195,0.00038811367091741124,0.0007732070019833251
151,a face with flat cheeks,facial_geometry,128,0.15887260261337452,0.14808261301633133,0.0014337063985797823,0.0025488113752529466
151,a face with flat cheeks,facial_geometry,256,0.03236372567168501,0.01629966437290233,0.5186563697049703,0.5645646536217217
152,a face with a small chin,facial_geometry,128,0.19934430649254883,0.19015506346914665,5.9502551002324314e-05,0.00013540136050306688
152,a face with a small chin,facial_geometry,256,0.06226145389662333,0.054883280520503244,0.21403815980263755,0.26794019026638244
153,a face with a prominent chin,facial_geometry,128,0.010878265807690564,0.02192994956218476,0.8282933985762294,0.849872184511081
153,a face with a prominent chin,facial_geometry,256,-0.15278719694209403,-0.1341477134232089,0.0021825979900005287,0.003827021133151612
154,a face with a broad nose,facial_geometry,128,0.04130719889626705,0.0399405621285133,0.409990548911274,0.4633888764736695
154,a face with a broad nose,facial_geometry,256,-0.13391276389035617,-0.1260495378096113,0.007319147516926325,0.01208839847956864
155,a face with a narrow nose,facial_geometry,128,0.08149336979338076,0.07874749217182607,0.10363633395142023,0.13782286489123938
155,a face with a narrow nose,facial_geometry,256,-0.07706958099396324,-0.07021131382071137,0.12383911903050905,0.16299647543347207
156,a face with thin lips,facial_geometry,128,0.18239754160631322,0.20124125775786098,0.00024508253254723443,0.0005039448058802572
156,a face with thin lips,facial_geometry,256,0.08116596051343389,0.11982412390077438,0.10503600976601465,0.13896236950955945
157,a face with full lips,facial_geometry,128,0.17401390128991467,0.19526409540059625,0.0004721190473080404,0.0009191062822118505
157,a face with full lips,facial_geometry,256,0.08430301376510513,0.11552903455646597,0.0922237576520687,0.12393323862955163
158,a symmetrical face,facial_geometry,128,0.10452925459095552,0.0988605553784711,0.036638420911489125,0.05333117033859887
158,a symmetrical face,facial_geometry,256,-0.05229337218216395,-0.04492640579003619,0.2968054940663214,0.34854223156412056
159,an asymmetrical face,facial_geometry,128,0.09312229849816779,0.09433915211970074,0.06279187508646882,0.08699795303680487
159,an asymmetrical face,facial_geometry,256,-0.09406925525681445,-0.06485356462478982,0.060153439451618065,0.0839197847390421
160,a face with widely spaced eyes,facial_geometry,128,0.0006414874508539675,0.0062625391408696295,0.9897956541473985,0.9917326319441644
160,a face with widely spaced eyes,facial_geometry,256,-0.16268983364088402,-0.1506161288508053,0.0010931161053701194,0.001999685947404006
161,a typical-looking face,typicality_familiarity,128,-0.01964984295289266,-0.017343295895599346,0.6952024432731216,0.7249361526595485
161,a typical-looking face,typicality_familiarity,256,-0.17265255480367925,-0.16764967281045504,0.0005237128334483124,0.0010118527197190035
162,an average-looking face,typicality_familiarity,128,0.09309489849081731,0.0716207601297508,0.06286961449925352,0.08699795303680487
162,an average-looking face,typicality_familiarity,256,-0.0328559236219297,-0.030465565409783808,0.5123139235735366,0.5604801898924161
163,a familiar-looking face,typicality_familiarity,128,0.021121030702673408,0.015481034256464101,0.6736487426103435,0.7067790086403604
163,a familiar-looking face,typicality_familiarity,256,-0.14185948244171037,-0.1453899086869293,0.004473312217885831,0.007558864209760876
164,an ordinary-looking face,typicality_familiarity,128,0.12933717843867137,0.11508090675566722,0.009610608853078382,0.015281465008621526
164,an ordinary-looking face,typicality_familiarity,256,-0.018067009492117772,-0.01733785836161476,0.7186685762657011,0.7478827460325995
165,a distinctive-looking face,typicality_familiarity,128,-0.10083514869832372,-0.10473065456659103,0.04384900031370834,0.06253673582345035
165,a distinctive-looking face,typicality_familiarity,256,-0.2944490421969282,-0.2913779461121632,1.9230951754129673e-09,6.608219663164022e-09
166,an unusual-looking face,typicality_familiarity,128,0.013957883281492996,0.008872742954643466,0.7807839191299719,0.8092335356164891
166,an unusual-looking face,typicality_familiarity,256,-0.17212292619969088,-0.16912286951793445,0.0005451636355068623,0.0010454074208970543
167,a memorable face,typicality_familiarity,128,0.22917026483803415,0.20985674910468188,3.641946339998888e-06,9.56244372348426e-06
167,a memorable face,typicality_familiarity,256,0.044084808806212766,0.020203813773836083,0.3792036786156699,0.43241043084904895
168,a face with balanced proportions,typicality_familiarity,128,0.03739130905801324,0.03234132713329458,0.4558204571812831,0.5095634805170676
168,a face with balanced proportions,typicality_familiarity,256,-0.12764694936455015,-0.11398346239663998,0.010606249463787945,0.01681238305095798
169,a face with exaggerated features,typicality_familiarity,128,-0.12701586994561334,-0.11280389252432826,0.011000795157681799,0.01733048344840948
169,a face with exaggerated features,typicality_familiarity,256,-0.2614549434654686,-0.2540194626216413,1.1248998903430875e-07,3.3100502520440276e-07
170,a face with unusual proportions,typicality_familiarity,128,-0.03446986455573098,-0.030558190988693678,0.49180289425718204,0.5438511487250047
170,a face with unusual proportions,typicality_familiarity,256,-0.19688829402671518,-0.18899874374214837,7.360744950066781e-05,0.00016457211416743195
171,a natural-looking face,typicality_familiarity,128,0.28081112432246763,0.28004893780586126,1.1033709665153263e-08,3.4779031193417965e-08
171,a natural-looking face,typicality_familiarity,256,0.2176713995195965,0.23232332702079384,1.1201137380551376e-05,2.7572030475203388e-05
172,an artificial-looking face,typicality_familiarity,128,-0.051156821978928256,-0.03675116719479496,0.307442607689276,0.359384966066003
172,an artificial-looking face,typicality_familiarity,256,-0.13980572853846535,-0.12348395927474545,0.005092347182649126,0.00854846477874214
173,a face that looks like someone you know,typicality_familiarity,128,0.10107437781462976,0.080771192319952,0.04334835990212582,0.061995419748291675
173,a face that looks like someone you know,typicality_familiarity,256,-0.05256254648891665,-0.0723739523372021,0.29432261119354064,0.3472193016845456
174,a face with conventional features,typicality_familiarity,128,0.05756790549507153,0.059084994281214255,0.25067649908102974,0.30341930858034805
174,a face with conventional features,typicality_familiarity,256,-0.08448875535933234,-0.06859486943331854,0.09150621688085347,0.1232925869552552
175,a face with striking features,typicality_familiarity,128,-0.02172933025201638,-0.014513153207207545,0.6648130172235095,0.7003791457169483
175,a face with striking features,typicality_familiarity,256,-0.2122696523382201,-0.19126900793129956,1.8606332478696458e-05,4.493604825043673e-05
176,a face with unremarkable features,typicality_familiarity,128,0.0467615499158595,0.050360939755873475,0.35091572494860607,0.40375022735659843
176,a face with unremarkable features,typicality_familiarity,256,-0.10451444804437365,-0.094217651360321,0.03666517960778672,0.05333117033859887
177,an attractive face,attractiveness_health,128,-0.005400922873554176,-0.025087469296683103,0.9142485840210923,0.9269213366708896
177,an attractive face,attractiveness_health,256,-0.11257710600552344,-0.11508484428027674,0.02434388522722506,0.03623275940796288
178,a very attractive face,attractiveness_health,128,-0.08401931693589801,-0.1060304126900793,0.09332839294496255,0.1250893643660231
178,a very attractive face,attractiveness_health,256,-0.19494072040849797,-0.20715298220613876,8.697298201623063e-05,0.00019360942083613078
179,a plain-looking face,attractiveness_health,128,0.09577523624878419,0.09632478952993455,0.05563141399292988,0.07782318023054673
179,a plain-looking face,attractiveness_health,256,-0.020164617791332596,-0.0077541109631935196,0.687631674500742,0.7185049333558774
180,an unattractive face,attractiveness_health,128,-0.0014860157043479517,0.0043565897286858045,0.9763642761780441,0.9801931556924678
180,an unattractive face,attractiveness_health,256,-0.11818943050012606,-0.10152194701216881,0.0180454278221109,0.02782909350879753
181,a beautiful face,attractiveness_health,128,0.3648948700427478,0.38096413102581883,4.828079953074351e-14,2.332053713183083e-13
181,a beautiful face,attractiveness_health,256,0.29304024521783545,0.3237805861286633,2.313453848637417e-09,7.896589136682382e-09
182,a handsome face,attractiveness_health,128,-0.42666149322911606,-0.43974349839686494,3.986309717335414e-19,2.616654583686836e-18
182,a handsome face,attractiveness_health,256,-0.44695201952304026,-0.46383346145913407,4.868443017732078e-21,3.612525833447571e-20
183,a cute face,attractiveness_health,128,0.5413473777536745,0.46695648097800607,7.819267061282986e-32,1.0265294193274074e-30
183,a cute face,attractiveness_health,256,0.4732742717269611,0.38873474209213804,1.015519521254926e-23,8.812643981059697e-23
184,a face with a healthy appearance,attractiveness_health,128,0.37284672391597873,0.3562782892393077,1.2242373278928565e-14,6.145191292952378e-14
184,a face with a healthy appearance,attractiveness_health,256,0.2639116419989687,0.25632685204282524,8.462399298576376e-08,2.5337710180532777e-07
185,a face with a tired appearance,attractiveness_health,128,-0.09615723808762972,-0.094883655522847,0.054658490855051076,0.07667163648708535
185,a face with a tired appearance,attractiveness_health,256,-0.20143931011248853,-0.20286726792042448,4.952665775992248e-05,0.00011526203987763777
186,a face with a sickly appearance,attractiveness_health,128,0.006148619567314776,0.0008820055125344533,0.9024327969695022,0.917061676177404
186,a face with a sickly appearance,attractiveness_health,256,-0.10756679892908777,-0.115014343839649,0.03148824182902901,0.046327528208226595
187,a face with dark circles under the eyes,attractiveness_health,128,-0.05853652065085503,-0.04058612866330415,0.24277916618631346,0.2966657114257577
187,a face with dark circles under the eyes,attractiveness_health,256,-0.19206210375724078,-0.1764326027037669,0.00011096863050478128,0.00024280315734379493
188,a face with puffy eyes,attractiveness_health,128,0.10273114337154993,0.10536103350645942,0.0400115966614344,0.05786987991710286
188,a face with puffy eyes,attractiveness_health,256,0.012883979721986674,0.023753210957568483,0.7972684393999051,0.8213308671483932
189,a face with a fresh appearance,attractiveness_health,128,0.22826069558125503,0.23189638685241779,3.989027794565507e-06,1.0367422491459592e-05
189,a face with a fresh appearance,attractiveness_health,256,0.11200435864669478,0.12571353570959817,0.02508249979272576,0.03722388375036403
190,a face with a lively expression,attractiveness_health,128,0.3364485167130907,0.30752067200419997,4.833092226323166e-12,2.011823755997936e-11
190,a face with a lively expression,attractiveness_health,256,0.16276102842928836,0.1452380327377046,0.0010875393502830573,0.001999685947404006
191,a face with a sleepy expression,attractiveness_health,128,0.060519585423638125,0.03460784129900812,0.2271584279094304,0.28104821525229473
191,a face with a sleepy expression,attractiveness_health,256,-0.031357438339795665,-0.06826486415540096,0.531747997225811,0.5755919124304761
192,a face with a well-rested appearance,attractiveness_health,128,0.08822292056541003,0.08853767836048974,0.07800607202347484,0.10650429033605098
192,a face with a well-rested appearance,attractiveness_health,256,-0.10064650968447032,-0.0837170232313952,0.044247191339983075,0.06292933879464259
193,a face with smooth skin,skin_reflectance,128,0.16358077637930282,0.18156357227232667,0.0010251892236176462,0.001894934593834783
193,a face with smooth skin,skin_reflectance,256,0.0645006671673013,0.10350308439427745,0.19798379658086798,0.2502906267886529
194,a face with rough skin texture,skin_reflectance,128,-0.06050718565097907,-0.03969943562147263,0.22725383030166021,0.28104821525229473
194,a face with rough skin texture,skin_reflectance,256,-0.17220284122077575,-0.16803255020343877,0.0005418755436272629,0.001043008565177288
195,a face with clear skin,skin_reflectance,128,0.19438640426019493,0.21107888174301087,9.117586244492564e-05,0.00020121569643018073
195,a face with clear skin,skin_reflectance,256,0.07579001524412342,0.11453002831267693,0.13022029120792786,0.17051864219554747
196,a face with uneven skin texture,skin_reflectance,128,0.05095543927976636,0.06174507340670878,0.3093532743286078,0.36079470718962914
196,a face with uneven skin texture,skin_reflectance,256,-0.08395135855591546,-0.06115331970824817,0.09359456768719102,0.12511858656877756
197,a face with freckles,skin_reflectance,128,0.3040670932317387,0.3191772448577803,5.300006727106086e-10,2.0100766253913453e-09
197,a face with freckles,skin_reflectance,256,0.18863770755213966,0.19927605797536233,0.00014760012528028138,0.0003148802672646003
198,a face with visible facial blemishes,skin_reflectance,128,0.052098674260026276,0.06866780417377608,0.2986100747142109,0.34985894337225626
198,a face with visible facial blemishes,skin_reflectance,256,-0.12197420697081601,-0.09353777211107568,0.014647855331596828,0.02279544659506862
199,a face with a facial scar,skin_reflectance,128,-0.09810988183861225,-0.09050344064650404,0.04990356497376401,0.07019402545760213
199,a face with a facial scar,skin_reflectance,256,-0.2602021288455767,-0.26409202557515987,1.2991899077253638e-07,3.8010584728879213e-07
200,a face with pale skin,skin_reflectance,128,0.08135046721188623,0.08793748710929442,0.10424541604930296,0.13827371247990444
200,a face with pale skin,skin_reflectance,256,-0.02942344181516881,-0.010755442221513882,0.5573687512245091,0.6003789036022864
201,a face with dark skin,skin_reflectance,128,0.10679916228848242,0.1182007387546172,0.03272757594369752,0.048012948089321286
201,a face with dark skin,skin_reflectance,256,-0.012096414243685478,-0.005197532484578028,0.8094156156444419,0.8321702715059321
202,a face with warm skin tones,skin_reflectance,128,0.178596509740505,0.1893679335495847,0.0003311179838862539,0.0006648329715676941
202,a face with warm skin tones,skin_reflectance,256,0.05289295743475921,0.07814092588078676,0.29129389390267235,0.3444398930211738
203,a face with rosy cheeks,skin_reflectance,128,0.4293829438659909,0.3613275082969269,2.245839438845967e-19,1.5129865693278094e-18
203,a face with rosy cheeks,skin_reflectance,256,0.3555621484756214,0.285490784317402,2.3035632544056227e-13,1.0530574877282846e-12
204,a face with dull skin tones,skin_reflectance,128,0.045658744046156996,0.06433465209157557,0.3624048877845689,0.4151035851134212
204,a face with dull skin tones,skin_reflectance,256,-0.06727401753538916,-0.036029662685391775,0.17933956352339853,0.2284125784178608
205,a face with shiny skin,skin_reflectance,128,0.13135988347254665,0.1521163257270358,0.008528873014929508,0.013646196823887213
205,a face with shiny skin,skin_reflectance,256,0.0230880460385565,0.05844711529447059,0.6452454881623124,0.6811663710084618
206,a face with strong facial contrast,skin_reflectance,128,-0.017169050054178812,-0.0075611722573266085,0.7321013390085389,0.7603161979155617
206,a face with strong facial contrast,skin_reflectance,256,-0.17161910512053385,-0.1485530534565841,0.0005663233464025517,0.0010661415666656316
207,a face with low facial contrast,skin_reflectance,128,0.09311566251856326,0.08911799448746553,0.06281069544520759,0.08699795303680487
207,a face with low facial contrast,skin_reflectance,256,-0.03452854861771065,-0.021680010500065624,0.49106546095868175,0.5438511487250047
208,a face with evenly colored skin,skin_reflectance,128,0.17608875830356716,0.19068962931018316,0.0004024969792488705,0.0007987536952535724
208,a face with evenly colored skin,skin_reflectance,256,0.03593920264908182,0.061860761629760175,0.4735183707135591,0.5270465343594397
209,a well-groomed face,grooming_image,128,-0.3406110000443081,-0.35679785498659367,2.5351548463612367e-12,1.0639338371614371e-11
209,a well-groomed face,grooming_image,256,-0.414703341818682,-0.435882661766636,4.668227052134355e-18,2.845395536539036e-17
210,an unkempt appearance,grooming_image,128,-0.013068206823742184,-0.02965724785779911,0.7944339038266092,0.8200608039500482
210,an unkempt appearance,grooming_image,256,-0.1508021890496097,-0.16365046031537694,0.00249525649480185,0.004360311690575247
211,a clean-shaven face,grooming_image,128,-0.3015318935055387,-0.31719441996512476,7.478565409984446e-10,2.735018207080026e-09
211,a clean-shaven face,grooming_image,256,-0.3605763848344441,-0.38049856561603507,1.0012711844076155e-13,4.660462240151811e-13
212,a face with stubble,grooming_image,128,-0.5263799809198244,-0.5487146794667466,6.872074191166152e-30,7.996595422447886e-29
212,a face with stubble,grooming_image,256,-0.5501196880702557,-0.5732285826786416,5.10250254789515e-33,7.256892512561991e-32
213,a face with a full beard,grooming_image,128,-0.3795490413366832,-0.390192751204695,3.738568479945103e-15,1.9141470617318928e-14
213,a face with a full beard,grooming_image,256,-0.43168004046241515,-0.4491074944218401,1.378104918032035e-19,9.407862907098692e-19
214,a face with a mustache,grooming_image,128,-0.19143830924473754,-0.19243826523915775,0.0001169306988431409,0.00025475965024548145
214,a face with a mustache,grooming_image,256,-0.29732807248783133,-0.3160141000881255,1.3140618857870277e-09,4.704892905754952e-09
215,a face with neatly styled hair,grooming_image,128,0.12461938306583419,0.11746329664560402,0.01261993621058121,0.01982026791355086
215,a face with neatly styled hair,grooming_image,256,-0.035369001626016444,-0.02033712710704442,0.4805694227847568,0.5337343697739598
216,a face with messy hair,grooming_image,128,0.15937321822757028,0.13976862355389721,0.0013840690990794475,0.002477774051498871
216,a face with messy hair,grooming_image,256,0.06896821040578566,0.03630266439165244,0.16860897919063011,0.2152812901386599
217,a face with heavy makeup,grooming_image,128,-0.07092253163392863,-0.04209476309226932,0.1568355506901488,0.2012526364745769
217,a face with heavy makeup,grooming_image,256,-0.16386880224271566,-0.14509365683535522,0.0010040762652913685,0.0018626342312651474
218,a face with subtle makeup,grooming_image,128,0.24441056122733823,0.2641897136857105,7.491982102728904e-07,2.0512806612819245e-06
218,a face with subtle makeup,grooming_image,256,0.17161759948600253,0.2104198151238445,0.0005663877072911167,0.0010661415666656316
219,a face with no visible makeup,grooming_image,128,0.2557101215328417,0.2662829767686048,2.1642780885301634e-07,6.197765770153825e-07
219,a face with no visible makeup,grooming_image,256,0.18630212835185195,0.21925580784879906,0.00017879139236256234,0.0003751688233181636
220,a brightly lit portrait,grooming_image,128,0.2751634103724935,0.25300826880168,2.2138396972105988e-08,6.828228463685702e-08
220,a brightly lit portrait,grooming_image,256,0.1319118188699927,0.125892224326402,0.008253190233076965,0.013288155343822031
221,a face in harsh shadows,grooming_image,128,-0.18869755821515397,-0.17281251757823482,0.00014687233295731391,0.00031463863796713274
221,a face in harsh shadows,grooming_image,256,-0.29858993644225856,-0.2938745242157763,1.1105769393673242e-09,4.032733283376383e-09
222,a softly lit portrait,grooming_image,128,0.2516823769843064,0.24897774361089756,3.39251483255261e-07,9.49162619817998e-07
222,a softly lit portrait,grooming_image,256,0.13358990965633585,0.13054262839142744,0.0074631523661166654,0.012208095883232373
223,a blurry portrait of a face,grooming_image,128,0.02936406221891366,0.030612378827367667,0.5581647619427507,0.6003789036022864
223,a blurry portrait of a face,grooming_image,256,-0.08569124737295769,-0.08220482628016423,0.08696837477027891,0.11811089623974218
224,a sharply focused portrait of a face,grooming_image,128,-0.38235122974129854,-0.38403483771773567,2.258261678973259e-15,1.1798265098309272e-14
224,a sharply focused portrait of a face,grooming_image,256,-0.5160402638345067,-0.5123508896930605,1.3322131372006853e-28,1.4512619707377678e-27
225,glasses,eyewear_occlusion,128,-0.048128458379576404,0.06566947293420583,0.3369982026373516,0.39125414909370526
225,glasses,eyewear_occlusion,256,-0.13266890192508415,-0.07335008343802148,0.00788796610874651,0.012786027448277075
226,sunglasses,eyewear_occlusion,128,-0.04679409716778174,0.0012105075656722855,0.35058017591058327,0.40375022735659843
226,sunglasses,eyewear_occlusion,256,-0.1348263829686897,-0.11253332833330207,0.006925004057575666,0.011511695056749158
227,a face wearing glasses,eyewear_occlusion,128,0.03635052498593791,0.11499015618847618,0.46846739920626806,0.5225605847355321
227,a face wearing glasses,eyewear_occlusion,256,-0.07533570929748858,-0.025835786473665457,0.1325460743595082,0.17268089076862136
228,a face wearing sunglasses,eyewear_occlusion,128,-0.05538046223247407,-0.03015600097500609,0.2691634174534623,0.3235015721506401
228,a face wearing sunglasses,eyewear_occlusion,256,-0.1720722708975657,-0.16171413571334817,0.0005472574190202466,0.0010455067109640531
229,a face wearing clear eyeglasses,eyewear_occlusion,128,0.047013167429422395,0.06231732698329363,0.3483269260670751,0.40258100710235317
229,a face wearing clear eyeglasses,eyewear_occlusion,256,-0.10127642499993826,-0.07863311645697786,0.0429292868114205,0.06156805279397001
230,a face wearing thick-framed glasses,eyewear_occlusion,128,-0.11383805491545528,-0.07938087113044456,0.022783675649653654,0.0343717608016874
230,a face wearing thick-framed glasses,eyewear_occlusion,256,-0.2172036369183784,-0.22423471396696226,1.171032080986204e-05,2.8687484472006527e-05
231,a face wearing rimless glasses,eyewear_occlusion,128,0.00015298891545769723,0.006045225282658017,0.9975662941009068,0.9975662941009068
231,a face wearing rimless glasses,eyewear_occlusion,256,-0.16424750911384534,-0.1676969231057694,0.000976926282961652,0.0018188591159140578
232,a face wearing dark sunglasses,eyewear_occlusion,128,-0.17463979702469665,-0.1703710648191551,0.00045001967538774753,0.0008827972176188764
232,a face wearing dark sunglasses,eyewear_occlusion,256,-0.28397074679454265,-0.2900991881199257,7.422347468246774e-09,2.405216394773638e-08
233,a face with eyes visible through glasses,eyewear_occlusion,128,-0.07407535323150972,-0.06022781392383702,0.13916621239820443,0.17993207259565824
233,a face with eyes visible through glasses,eyewear_occlusion,256,-0.2141885101827589,-0.19436146475915475,1.5559963731030517e-05,3.7936673477560115e-05
234,a face with eyes hidden behind reflective lenses,eyewear_occlusion,128,-0.16471614787637828,-0.15890311814448838,0.000944266823625149,0.0017644693930513734
234,a face with eyes hidden behind reflective lenses,eyewear_occlusion,256,-0.2955034743348539,-0.2977205482534266,1.673563943722038e-09,5.789626616119483e-09
235,a face with hair covering one eye,eyewear_occlusion,128,0.06941069409465139,0.07308326927043293,0.165887106914891,0.21233549685106048
235,a face with hair covering one eye,eyewear_occlusion,256,-0.07250668353392059,-0.06219470121688261,0.1477565853679708,0.19007882338794233
236,a face with bangs covering the eyebrows,eyewear_occlusion,128,0.2883493946977166,0.2815361971012319,4.249687393222157e-09,1.4221176113266303e-08
236,a face with bangs covering the eyebrows,eyewear_occlusion,256,0.19898732298719995,0.18989631185194908,6.138098691698326e-05,0.00013870670793516665
237,a face partly hidden in shadow,eyewear_occlusion,128,-0.05945343243265536,-0.04673822961393509,0.23546549696366154,0.28950370343635995
237,a face partly hidden in shadow,eyewear_occlusion,256,-0.22717638095794007,-0.21115313220707627,4.444102349268682e-06,1.1434072376007864e-05
238,a face with both eyes clearly visible,eyewear_occlusion,128,0.09102362317531922,0.08707498171863573,0.06897980122601033,0.0949399414723583
238,a face with both eyes clearly visible,eyewear_occlusion,256,-0.0846319180797202,-0.07942943393396208,0.09095621934877005,0.12287489262947299
239,a face with the mouth partly covered,eyewear_occlusion,128,-0.0023918638932147037,0.006389289933062082,0.961965185432661,0.9676349212996511
239,a face with the mouth partly covered,eyewear_occlusion,256,-0.14352054004095066,-0.14888868055425347,0.004023253783233048,0.006866353123384402
240,an unobstructed face,eyewear_occlusion,128,-0.1649929248252432,-0.15391764948530925,0.0009254545592392127,0.0017356510415035783
240,an unobstructed face,eyewear_occlusion,256,-0.2960422943842984,-0.2856235351470946,1.5584893988410892e-09,5.465387480867381e-09
241,a happy face wearing glasses,cue_combinations,128,0.3889725185262439,0.4096891230570191,6.730392434207145e-16,3.5525370374371732e-15
241,a happy face wearing glasses,cue_combinations,256,0.2635484917685738,0.2830347064669154,8.827672717145451e-08,2.6277723437084135e-07
242,a happy face wearing sunglasses,cue_combinations,128,0.392453663013422,0.44575422346389665,3.522381438743293e-16,1.939203544770501e-15
242,a happy face wearing sunglasses,cue_combinations,256,0.2573040498732029,0.2800283126769542,1.8077692030352884e-07,5.229253287876088e-07
243,a serious face wearing glasses,cue_combinations,128,-0.2837685756928693,-0.28755385971162317,7.614176522913953e-09,2.4518606161836126e-08
243,a serious face wearing glasses,cue_combinations,256,-0.3586963607868588,-0.37289951812198824,1.3707856576442968e-13,6.322903213638558e-13
244,a smiling face with hidden eyes,cue_combinations,128,0.5612950520251967,0.5460204751279695,1.3997510346089796e-34,2.559544748999277e-33
244,a smiling face with hidden eyes,cue_combinations,256,0.46008189802839206,0.4416243226520165,2.3947078487211125e-22,2.009984292697065e-21
245,a feminine face with a genuine smile,cue_combinations,128,0.4348306986971432,0.4146790917443234,7.010235107112246e-20,4.916767636769137e-19
245,a feminine face with a genuine smile,cue_combinations,256,0.39515225647948643,0.3770500440627753,2.1210221564613438e-16,1.1803949392480522e-15
246,a masculine face with a genuine smile,cue_combinations,128,-0.4870754141647109,-0.4908913805711285,3.2034753395720517e-25,2.9288917390373046e-24
246,a masculine face with a genuine smile,cue_combinations,256,-0.49292941223849973,-0.5014446965293533,7.047784705599272e-26,6.939357248590053e-25
247,a feminine face with an insincere smile,cue_combinations,128,0.3681994203146564,0.3413713835711473,2.7423933485010987e-14,1.3372432327929167e-13
247,a feminine face with an insincere smile,cue_combinations,256,0.3294863744381511,0.31025331408321305,1.391861031429726e-11,5.6112822684411004e-11
248,a masculine face with an insincere smile,cue_combinations,128,-0.558766266859833,-0.566438602741267,3.196150776501603e-34,5.454763991896069e-33
248,a masculine face with an insincere smile,cue_combinations,256,-0.5539182664882547,-0.5686038662741643,1.5259503595360707e-33,2.3675351032802067e-32
249,a beautiful face with a cold expression,cue_combinations,128,0.23144817912369753,0.2516003225020156,2.8947677297645675e-06,7.719380612705514e-06
249,a beautiful face with a cold expression,cue_combinations,256,0.16268394873557346,0.20122213263832894,0.001093578252486566,0.001999685947404006
250,an ordinary-looking face with a warm smile,cue_combinations,128,0.41364656255796073,0.38602010012562576,5.7749642314381305e-18,3.478566689995674e-17
250,an ordinary-looking face with a warm smile,cue_combinations,256,0.28236265032725455,0.2595486846792792,9.087448212102563e-09,2.90798342787282e-08
251,a baby-faced adult with a stern expression,cue_combinations,128,0.2242755780581341,0.10179063619147619,5.917927657951675e-06,1.4999895845897315e-05
251,a baby-faced adult with a stern expression,cue_combinations,256,0.14285172262519993,0.021493071831698945,0.004199297345460741,0.0071429908334747485
252,a mature face with a gentle smile,cue_combinations,128,0.22264323904783523,0.22707573172332324,6.94134585233518e-06,1.7507236829535035e-05
252,a mature face with a gentle smile,cue_combinations,256,0.13266168943967094,0.1545782161138507,0.007891376315733507,0.012786027448277075
253,a face with a smiling mouth and angry eyes,cue_combinations,128,0.21837526294861934,0.20631185194907467,1.0474448489086884e-05,2.5907814620350167e-05
253,a face with a smiling mouth and angry eyes,cue_combinations,256,0.057981626576613834,0.0493561209757561,0.24728175015626755,0.3000195641706374
254,a face with smiling eyes and a neutral mouth,cue_combinations,128,0.5015467767627428,0.4742439015243845,7.190070549709665e-27,7.362632242902697e-26
254,a face with smiling eyes and a neutral mouth,cue_combinations,256,0.37911951957317463,0.3602960643504021,4.037174057194202e-15,2.0465674428548825e-14
255,a face looking directly at the viewer with a relaxed smile,cue_combinations,128,0.14235016589203472,0.13221045131532072,0.004335850839466144,0.007350846456313462
255,a face looking directly at the viewer with a relaxed smile,cue_combinations,256,-0.020211488685430084,-0.013782648641554006,0.6869438797025641,0.7185049333558774
256,a face looking away with a tense smile,cue_combinations,128,0.08230854141376376,0.08220388877430483,0.10021559697391877,0.13362079596522503
256,a face looking away with a tense smile,cue_combinations,256,-0.08787042298148057,-0.08513546959668497,0.07920710250947526,0.10785648001290248
